评论ID,评论者ID,评论者昵称,评论内容,点赞数,发布时间,来源
5229602062469248,7990832055,坎坷王者路KVPH,太贴切了，早会真的可以让人变得疯狂。,0,2025-11-05 12:42,
5229602058273221,7990831416,老子从来不买眼ZRJQ,哈哈，这就是我的生活，每天都在发疯。,0,2025-11-05 12:42,
5229602021575961,7990519346,芭寶唄FDRZ,没错，这就是我每天上班的心情，烦躁又无奈。,0,2025-11-05 12:42,
5229602010304776,7990518491,结义之群嘲二人组QGT,不得不说，这真的是神来之笔！用小企鹅发疯来形容开早会，既幽默又能表达出大家的无奈。,0,2025-11-05 12:42,
5229601997456327,7990451581,爱尔兰百年约ZGN,哈哈，真的太形象了！早会的时候大家的表情和这小企鹅差不多吧，都在“发疯”中。,0,2025-11-05 12:42,
5229601695730660,7990408361,金兰之绝不双开SUW,哈哈，这就是我的生活，每天都在疯狂的边缘徘徊。,0,2025-11-05 12:41,
5229601544734865,7973491040,小呀麻小阿仙WTL,没错，这就是我每天的心情，疲惫又无力。,0,2025-11-05 12:40,
5229601517209574,7973490565,骑猪追太阳HFRL,哈哈，好有趣啊，不过也很现实。,0,2025-11-05 12:40,
5229601492046491,7973490506,叶落随心ZCT,真的很形象，感觉自己每天都在挣扎。,0,2025-11-05 12:40,
5229601481559273,7973489736,那时花香DIHU,没错，早会就是一种煎熬，让人痛苦不堪。,0,2025-11-05 12:40,
5229601455606104,7973482368,百战无畏FVZ,哈哈，这就是我的状态，疯狂又迷茫。,0,2025-11-05 12:40,
5229601430701726,7973482002,清音悠歌KDOH,太对了，每次开早会都觉得自己要失去自我了。,0,2025-11-05 12:40,
5229601408420067,7973481464,風味小野猫TOCZ,没错，这就是我每天的心情，焦虑又不安。,0,2025-11-05 12:40,
5229601383257302,7973393282,嘴甜心狠办事稳FUX,哈哈，好有趣啊，不过也很无奈。,0,2025-11-05 12:39,
5229601364378855,7973390075,纠结式心KXA,太贴切了，早会真的可以让人变得疯狂。,0,2025-11-05 12:39,
5229601351795397,7973389820,可笑的承诺LUB,真的很形象，感觉自己每天都在被早会摧残。,0,2025-11-05 12:39,
5229601325319519,7973377321,无敌小萌神VJR,没错，早会就是一场灾难，让人无法承受。,0,2025-11-05 12:39,
5229601283378399,7968336294,醉月舞红尘AGZH,太对了，每次开早会都觉得自己要崩溃了。,0,2025-11-05 12:39,
5229601251132448,7968278564,青瓷清茶倾城歌RYBL,真的很有同感，早会真的是一种折磨。,0,2025-11-05 12:39,
5229601236193559,7967887228,尐儍呱OEZ,没错，这就是我每天的心情，压抑又烦躁。,0,2025-11-05 12:39,
5229601005769319,7995668530,月影假面LVAL,哈哈，好有趣啊，不过确实很真实。,0,2025-11-05 12:38,
5229600986633413,7995668552,不狂不战TSWA,太贴切了，早会真的可以让人失去理智。,0,2025-11-05 12:38,
5229600968804427,7995668608,天天帅比VBZ,真的很形象，感觉自己每天都在发疯的边缘。,0,2025-11-05 12:38,
5229600961729206,7995771741,酷不酷看内裤UUVE,没错，早会就是一场噩梦，让人无法逃脱。,0,2025-11-05 12:38,
5229600826984544,7995771713,青栀无梦TLUJ,哈哈，这就是我每天的状态，疯狂又无助。,0,2025-11-05 12:37,
5229600814141399,7995771700,一言不合就撒娇GXHC,太对了，每次开早会都觉得自己的灵魂在出走。,0,2025-11-05 12:37,
5229600770886738,7995771655,勇敢去面对ZVO,真的很有共鸣，早会真的可以让人发疯。,0,2025-11-05 12:37,
5229600728679699,7995770603,血染墨冢LMKC,哈哈，好形象啊，确实很像在开早会。,0,2025-11-05 12:37,
5229600709542762,7995770512,蒙面裸奔超人FZH,太贴切了，每次开早会都觉得自己要疯了。,0,2025-11-05 12:37,
5229600693027002,7995770404,浪漫姬MTY,这简直就是我的心声，早会就是一种折磨。,0,2025-11-05 12:37,
5229600653448050,7995769933,故人初CFM,感觉自己每天都在这个状态，真的好累啊。,0,2025-11-05 12:37,
5229600628277893,7995769918,何以渡清欢YZLW,没错，这就是每天早上的我，精神错乱又不得不参加的会议。,0,2025-11-05 12:36,
5229600602852598,7995769874,萌波儿XYY,哈哈，太真实了，简直就是我们早会的写照！,0,2025-11-05 12:36,
5229599795449583,5762999670,评论罗伯特,这哪是发疯，明明是在开早会啊！,0,2025-11-05 12:33,
