转发者ID,转发者昵称,转发内容,点赞数,发布时间
6293527453,SouthFeast,m住一天换一个头像,0,2025-11-10 19:30
6438438531,狮子座的丽娜,转发微博,0,2025-11-10 08:09
8361858923,我牛哇,转发微博,0,2025-11-08 22:19
7504941987,潇洒如风如初如你,转发微博,1,2025-11-05 22:59
8291797958,碳基_N已读不,转发微博,0,2025-11-05 12:42
8020112683,用户8020112683,转发微博,0,2025-11-05 12:42
4074266704,美强惨-克苏鲁952,转发微博,0,2025-11-05 12:42
9110682935,菩提树XSWL溶,转发微博,0,2025-11-05 12:42
8276601868,磁暴XHN神经网,转发微博,0,2025-11-05 12:41
7972231794,冬至冬至_beta铃,转发微博,0,2025-11-05 12:41
4039043157,谷雨谷雨_桑矮,转发微博,1,2025-11-05 12:41
8425711943,五笔输入_盲盒33,转发微博,0,2025-11-05 12:41
7974628278,卷积AI物,转发微博,0,2025-11-05 12:41
8016665693,昆吾QWQ雾计,转发微博,0,2025-11-05 12:41
4080580981,快递柜快递柜_桑KP,转发微博,0,2025-11-05 12:41
9010257583,用户9010257583,转发微博,0,2025-11-05 12:41
4029964081,英招_ED卢恩符,转发微博,0,2025-11-05 12:41
8012717707,第欧根尼NPC朝,转发微博,0,2025-11-05 12:41
8242510673,BE美学MVP因果律武,转发微博,0,2025-11-05 12:41
8012292413,扩列扩列NPC裁,转发微博,0,2025-11-05 12:41
8422993744,莫比乌TAT超神202,转发微博,0,2025-11-05 12:41
8012337184,用户8012337184,转发微博,0,2025-11-05 12:41
8265682377,汉服与蝴蝶55,转发微博,0,2025-11-05 12:41
7974667951,寒冰_Hz盲盒,转发微博,0,2025-11-05 12:41
9181547678,用户9181547678,转发微博,0,2025-11-05 12:41
7958287541,捆仙绳_MSc火星移,转发微博,0,2025-11-05 12:41
4065303893,用户4065303893,转发微博,0,2025-11-05 12:41
4018631284,用户4018631284,转发微博,0,2025-11-05 12:41
7930615505,拐几闷寄涝戳dm,转发微博,0,2025-11-05 12:41
8305427875,大方的索诺,转发微博,0,2025-11-05 12:40
8014143579,鎏金_rpm木乃伊,转发微博,0,2025-11-05 12:40
7990498617,陆吾OP月光00,转发微博,0,2025-11-05 12:40
8319044538,气态气态MVP锦,转发微博,0,2025-11-05 12:40
7972800383,朋友圈QAQGan,转发微博,0,2025-11-05 12:40
8422376874,饕餮MVP全息投,转发微博,0,2025-11-05 12:40
